{"cameraMode":{"drawMode":0,"name":"Shaded","section":"Shading Mode"},"sceneLighting":true,"audioPlay":false,"sceneViewState":{"showFog":true,"showMaterialUpdate":false,"showSkybox":true,"showFlares":true,"showImageEffects":true,"showParticleSystems":true},"in2DMode":false,"pivot":{"x":151.34999084472657,"y":294.29998779296877,"z":-6.0},"rotation":{"x":0.014999407343566418,"y":0.004499577917158604,"z":-0.00006852281512692571,"w":0.9998836517333984},"size":181.33546447753907,"orthographic":false}